[
  {
    "owner_image": "https://images.vinted.net/thumbs/f800/01_02374_oz5ZTbwCuk3NhUjU8UQZrE4z.jpeg?1597975587-86d66b426286d41f76811fd97fa681007d23f381",
    "owner_name": "lilou17180207",
    "owner_rating": 5
  },
  { "owner_image": null, "owner_name": null, "owner_rating": 0 },
  { "owner_image": null, "owner_name": null, "owner_rating": 0 },
  { "owner_image": null, "owner_name": null, "owner_rating": 0 },
  { "owner_image": null, "owner_name": null, "owner_rating": 0 },
  {
    "owner_image": "https://images.vinted.net/thumbs/f800/01_00db8_fRfKZgZdLBS6hBtL8vkjVWQb.jpeg?1601897583-ba9a1909a6d890999101ce82349497c971e9da9f",
    "owner_name": "juliefmr",
    "owner_rating": 0
  },
  { "owner_image": null, "owner_name": null, "owner_rating": 0 },
  { "owner_image": null, "owner_name": null, "owner_rating": 0 },
  {
    "owner_image": "https://images.vinted.net/thumbs/f800/01_00572_C459KqkqbsF5u2PdAqFt3BQV.jpeg?1602488960-2c2645f741fdd53202cabfb75bf802dda30f0170",
    "owner_name": "caro.ber13005",
    "owner_rating": 0
  },
  { "owner_image": null, "owner_name": null, "owner_rating": 0 },
  { "owner_image": null, "owner_name": null, "owner_rating": 0 },
  {
    "owner_image": "https://images.vinted.net/thumbs/f800/0340f_hq7WQZrit7u7dsiJFFpQbZLD.jpeg?1570804993-c1c4dda5825e535155f14b0ba5c2fcacccd0f537",
    "owner_name": "arturomimi",
    "owner_rating": 5
  },
  { "owner_image": null, "owner_name": null, "owner_rating": 0 },
  { "owner_image": null, "owner_name": null, "owner_rating": 0 },
  { "owner_image": null, "owner_name": null, "owner_rating": 0 },
  { "owner_image": null, "owner_name": null, "owner_rating": 0 },
  { "owner_image": null, "owner_name": null, "owner_rating": 0 },
  { "owner_image": null, "owner_name": null, "owner_rating": 0 },
  { "owner_image": null, "owner_name": null, "owner_rating": 0 },
  { "owner_image": null, "owner_name": null, "owner_rating": 0 }
]
