[{"owner_name":"mareenh01","owner_avatar":"https://images.vinted.net/thumbs/50x50/02_001bf_DfkpFjQQjLwsvNFs6VGFynm8.jpeg?1606231982-60520b4ac63137eacd284a09ab448bf926f2c1c7","owner_link":"https://www.vinted.fr/member/41116812-mareenh01","product_image":"https://images.vinted.net/thumbs/310x430/02_01461_dYhE8HdH3Voetufdv5hnVteu.jpeg?1606232044-aca00c091af1fc0c5d0d1cc57ac4339ea5d342bf","product_link":"https://www.vinted.fr/femmes/sacs-a-bandouliere/761546021-zara-schoudertas","product_price":9.5,"product_name":"Zara schoudertas","product_description":"Mooie schoudertas van Zara. Stoer model in mooie zandkleur #Zara #Tas #Suede","product_pictures":["https://images.vinted.net/thumbs/f800/02_01461_dYhE8HdH3Voetufdv5hnVteu.jpeg?1606232044-515caaa2998ab79a28ee05b05517bb0b742755fd"],"product_details":[{"MARQUE":"ZARA"},{"ÉTAT":"TRÈS BON ÉTAT"},{"COULEUR":"MARRON"},{"EMPLACEMENT":"DEN BOSCH, NEDERLAND"}]},{"owner_name":"sorcarmela","owner_avatar":"https://images.vinted.net/thumbs/50x50/01_023a7_Ng94ovKQNFHoq4hEvgUhFRg8.jpeg?1599297570-19f9a0e4bca8a1ce8fe8595706841519182a9c3a","owner_link":"https://www.vinted.fr/member/30026263-sorcarmela","product_image":"https://images.vinted.net/thumbs/310x430/02_01ffe_bJenQXqTNtZsbg1qNRPoWg7a.jpeg?1606232208-f51c35750cc2c7e5556770629acb1ef64a14795e","product_link":"https://www.vinted.fr/femmes/blazers/761552503-chaqueta-fina-mango-talla-l","product_price":12.95,"product_name":"Chaqueta fina mango talla l","product_description":"Chaqueta fina mango\nTalla l\nFlecos en el bajo\nColor blanco roto o crema\n\nMas articulos talla l en #sorcarmelataillel\n\n#mangofemme #mango40","product_pictures":["https://images.vinted.net/thumbs/f800/02_01ffe_bJenQXqTNtZsbg1qNRPoWg7a.jpeg?1606232208-eceb5b731c1eaa4dedf09b885469f658a024d528","https://images.vinted.net/thumbs/f800/02_00074_di8RgDkzt9suUP7PgJ53cjGP.jpeg?1606232208-80bf5bc06daee9b223e52594fd018e0457599881","https://images.vinted.net/thumbs/f800/02_02653_n7hQnoCucDCJamHvwkTformM.jpeg?1606232208-7a08c8cb9d1c2bbb7d1baf3eacd7c72192f20050","https://images.vinted.net/thumbs/f800/02_02479_wFDEH2j6PsJUUvSH2cFZvCJA.jpeg?1606232208-09c22667cd52c59a915c6f68c8871ea5e9e482a6"],"product_details":[{"MARQUE":"MANGO"},{"TAILLE":"L / 40 / 12"},{"ÉTAT":"TRÈS BON ÉTAT"},{"COULEUR":"BLANC, CRÈME"},{"EMPLACEMENT":"ESPAÑA"}]},{"owner_name":"nemesyne","owner_avatar":"https://images.vinted.net/thumbs/50x50/02_01e7a_3Yu5NaRZCdAX2Cp1fu7RkunE.jpeg?1605240472-8b71bbae1c04e69b3f465ab5c84a38f0b0826b49","owner_link":"https://www.vinted.fr/member/24283994-nemesyne","product_image":"https://images.vinted.net/thumbs/310x430/02_003c6_jXrQbNfmdmtGiUVkUdbpWV6s.jpeg?1606232108-4dc49933b70ef2d1b35cf01781109fbe232130e6","product_link":"https://www.vinted.fr/enfants/jeux-de-construction/761548907-lego-brick-headz-the-mandalorian","product_price":17,"product_name":"Lego Brick Headz Thé Mandalorian","product_description":"Lego Brick Headz Thé Mandalorian","product_pictures":["https://images.vinted.net/thumbs/f800/02_003c6_jXrQbNfmdmtGiUVkUdbpWV6s.jpeg?1606232108-6e3f37062b59b0720f968ec4e927c42f8e502fd9","https://images.vinted.net/thumbs/f800/02_0189a_mBR9KoSQm4wtAgsNhMeuGquh.jpeg?1606232108-387c1ec76411ed211550fce4912401473f7e41ea","https://images.vinted.net/thumbs/f800/02_01690_95abz3znvZtWZQxSPe6y6Qxx.jpeg?1606232108-4b1d2fd16262f1f3578648f8dcc3094ac37d9a86","https://images.vinted.net/thumbs/f800/02_00d53_yqsrEqxGqTcQTnthz3yHVsh8.jpeg?1606232108-cba51a8b9e87e527a7ce3e2a833cab0b0bd940ce"],"product_details":[{"MARQUE":"LEGO"},{"TAILLE":"TAILLE UNIQUE"},{"ÉTAT":"NEUF AVEC ÉTIQUETTE"},{"EMPLACEMENT":"FRANCE"}]},{"owner_name":"sawadikah","owner_avatar":"https://images.vinted.net/thumbs/50x50/02_00232_9zhaFzFRqxQjBb1VQHa1KzGF.jpeg?1605259462-83330ef51204848088ca6b505990a267c55ff54f","owner_link":"https://www.vinted.fr/member/34439950-sawadikah","product_image":"https://images.vinted.net/thumbs/310x430/02_0170f_RfViH3yk9pmE7DeYCKedDCMB.jpeg?1606232049-2aa90138b97fbb8c757656810caca9fdb9ba1537","product_link":"https://www.vinted.fr/femmes/bottines/761546501-jolies-bottines-cuir","product_price":57,"product_name":"Jolies bottines cuir","product_description":"Jolies bottines en vrai cuir couleur marron de la marque redfoot\nC’est une taille 37\nElles sont neuves","product_pictures":["https://images.vinted.net/thumbs/f800/02_0170f_RfViH3yk9pmE7DeYCKedDCMB.jpeg?1606232049-b952fbb874dfa0a0781c762f02565484431e42cc","https://images.vinted.net/thumbs/f800/02_02593_vqvuNszP4P2WZaRCk98f1sBX.jpeg?1606232050-7f5cb69e65362b4928fc8d80b00223642d9bb872","https://images.vinted.net/thumbs/f800/02_00309_bb4xHxMfMkyhFE6jyALLexxn.jpeg?1606232050-91291425d84e0c67d4f6fe5dde0db18687516f23"],"product_details":[{"MARQUE":"CUIR"},{"TAILLE":"37"},{"ÉTAT":"NEUF AVEC ÉTIQUETTE"},{"COULEUR":"MARRON"},{"EMPLACEMENT":"FRANCE"}]},{"owner_name":"rachelvandenhurk","owner_avatar":"https://images.vinted.net/thumbs/50x50/02_01ab8_xqBBcXwtPRpRiShYyCW6Ny6m.jpeg?1606229086-2f10c5fbf8d35315c194fdf7d7eb2f4a1f214ab4","owner_link":"https://www.vinted.fr/member/46052158-rachelvandenhurk","product_image":"https://images.vinted.net/thumbs/310x430/01_00134_Kr3nFS1VJAEGKGLxWozU6hay.jpeg?1606229653-5a16d53673295aea82c7f695bd524be68b693eef","product_link":"https://www.vinted.fr/femmes/tee-shirts/761435505-azuka-shirt","product_price":5,"product_name":"Azuka shirt","product_description":"valt wat oversized\n","product_pictures":["https://images.vinted.net/thumbs/f800/01_00134_Kr3nFS1VJAEGKGLxWozU6hay.jpeg?1606229653-fe1a1ffac092fa5a9614cd9225ed11812ca1a0a8"],"product_details":[{"MARQUE":"AZUKA"},{"TAILLE":"M / 38 / 10"},{"ÉTAT":"NEUF SANS ÉTIQUETTE"},{"COULEUR":"BLANC"},{"EMPLACEMENT":"NEDERLAND"},{"MODES DE PAIEMENT":"CARTE BANCAIRE, PAYPAL"}]},{"owner_name":"reme92mc","owner_avatar":"https://images.vinted.net/thumbs/50x50/02_0266d_AFCEKY93bWYd7sQkt4ugXXbv.jpeg?1605248471-8c4e92ec618c804a645f41fd069c03cde27c0a68","owner_link":"https://www.vinted.fr/member/23299114-reme92mc","product_image":"https://images.vinted.net/thumbs/310x430/02_00fa1_r8ZQUmzxozfuhBVcdjfyA43T.jpeg?1606231902-af07ae3836335a0cd90d8622e500413edae9ba10","product_link":"https://www.vinted.fr/femmes/pantalons-a-jambes-larges/761539767-pantalon","product_price":12,"product_name":"Pantalón 👠","product_description":"Pantalón ancho , mango talla 38 , estado muy bueno color negro","product_pictures":["https://images.vinted.net/thumbs/f800/02_00fa1_r8ZQUmzxozfuhBVcdjfyA43T.jpeg?1606231902-071aa8012275541febb001cd53b95a63ec846a39","https://images.vinted.net/thumbs/f800/02_00ffd_Yqoo8f2X3DJJZNn5zDdEzPaf.jpeg?1606231902-f0c7a2f241dd196a0db8afa90e38d52e451a0c70","https://images.vinted.net/thumbs/f800/02_01588_DkC1v8jLogbaCS2vg1vSasAk.jpeg?1606231902-e80ed251407a9f85cbb596c2708731b7675b7e43","https://images.vinted.net/thumbs/f800/02_01017_zNzHeT8LTZ5fFkktgaXEBuER.jpeg?1606231902-1926bb5ffe6e199fa6fb9f929a3a632a91c43a64"],"product_details":[{"MARQUE":"MANGO"},{"TAILLE":"M / 38 / 10"},{"ÉTAT":"TRÈS BON ÉTAT"},{"COULEUR":"NOIR"},{"EMPLACEMENT":"ESPAÑA"}]},{"owner_name":"ana_marbella_13","owner_avatar":"https://images.vinted.net/thumbs/50x50/01_000b5_8vaD2FFPM2ZvC1Nu5fNNMcqc.jpeg?1597902920-ac25f40f3321e15c7c7006face22a14830c36445","owner_link":"https://www.vinted.fr/member/39679888-anamarbella13","product_image":"https://images.vinted.net/thumbs/310x430/02_003e8_ntLXY1SF47u3nZEvhFJvnhZp.jpeg?1606231879-0e50b8c75f0711b4f1796cbdfbd054f6fd0a918e","product_link":"https://www.vinted.fr/enfants/bandeaux-and-barrettes-cheveux/761538924-felpa-de-nina","product_price":4,"product_name":"👧 felpa de niña 👧","product_description":"Comprada en Disneyland paris, ( SOLO HAGO ENVIOS POR RELAY MONDIAL)","product_pictures":["https://images.vinted.net/thumbs/f800/02_003e8_ntLXY1SF47u3nZEvhFJvnhZp.jpeg?1606231879-5dcfeb92fe8f01000f9f6d14efdbfa06e3e4594d"],"product_details":[{"MARQUE":"DISNEY"},{"ÉTAT":"TRÈS BON ÉTAT"},{"COULEUR":"NOIR, ROSE"},{"EMPLACEMENT":"MARBELLA, ESPAÑA"}]},{"owner_name":"tristenbrink","owner_avatar":"https://images.vinted.net/thumbs/50x50/02_005d6_mhxuSrjTW3L8xvfKwcwE4BVW.jpeg?1606230443-ee58f21f1c2b37ffaa5f6f107316ddd120adf87c","owner_link":"https://www.vinted.fr/member/29192104-tristenbrink","product_image":"https://images.vinted.net/thumbs/310x430/02_001bc_UzLcxVwwKxo7g1AStXeubVsV.jpeg?1606231871-8f38f6c2c65284bd008cdfa4c94d3d802c73925d","product_link":"https://www.vinted.fr/femmes/autres-sweats/761477616-josh-v","product_price":15,"product_name":"Josh V","product_description":"Zwarte trui met tekst","product_pictures":["https://images.vinted.net/thumbs/f800/02_001bc_UzLcxVwwKxo7g1AStXeubVsV.jpeg?1606231871-e49bb2e47527453030a46adfcb26683371d2e6e1"],"product_details":[{"TAILLE":"XS / 34 / 6"},{"ÉTAT":"BON ÉTAT"},{"COULEUR":"NOIR"},{"EMPLACEMENT":"EMMEN, NEDERLAND"}]},{"owner_name":"rociotorres2020","owner_avatar":"https://images.vinted.net/thumbs/50x50/01_00570_xMFb6vJH5fwajpoNfjvupJyS.jpeg?1603912178-3524c34c385546955edbc8d6a0734d5418bcdbba","owner_link":"https://www.vinted.fr/member/39776634-rociotorres2020","product_image":"https://images.vinted.net/thumbs/310x430/02_01364_J7J22Eyqg3ELCKJ85Akf2Fyg.jpeg?1606231870-ab1e5f744683fbfdf37e04d0e9395609fb3eeb5b","product_link":"https://www.vinted.fr/femmes/sweats-longs/761538577-blusa-de-34-manga-de-color-coral-de-stradivarius-talla-m","product_price":7.95,"product_name":"Blusa de 3/4 manga de color coral de Stradivarius. Talla M","product_description":"Nuevo sin estrenar. Perfecto estado!","product_pictures":["https://images.vinted.net/thumbs/f800/02_01364_J7J22Eyqg3ELCKJ85Akf2Fyg.jpeg?1606231870-d5bfeb57d4e777344eb009e81be8acd17674f008"],"product_details":[{"MARQUE":"STRADIVARIUS"},{"TAILLE":"M / 38 / 10"},{"ÉTAT":"NEUF SANS ÉTIQUETTE"},{"COULEUR":"BLANC, CORAIL"},{"EMPLACEMENT":"ANDALUCÍA, ESPAÑA"}]},{"owner_name":"ireneds92","owner_avatar":"https://images.vinted.net/thumbs/50x50/02_00878_ShD7ZdaWqFycj7XbaA2K2JiE.jpeg?1605257593-236dd086263dbe61edf456a5b4504647413e8ac3","owner_link":"https://www.vinted.fr/member/30556843-ireneds92","product_image":"https://images.vinted.net/thumbs/310x430/02_01b67_Vh4tD3a4iCrfyYZL52gTfHta.jpeg?1606231793-d31957d49b804d21c1075dd8d6c6ed6b0991c185","product_link":"https://www.vinted.fr/femmes/vestes-legeres/761534937-chaqueta-asimetrica-efecto-polipiel","product_price":13,"product_name":"Chaqueta asimétrica efecto polipiel","product_description":"Chaqueta asimétrica de Parisian Collection (talla S/M, se ajusta más a una M). combinada con mangas en efecto polipiel negro. Perfecto estado, se usó una vez. Medida: espalda 47, manga 59, largo de espalda (parte simétrica) 64cm.","product_pictures":["https://images.vinted.net/thumbs/f800/02_01b67_Vh4tD3a4iCrfyYZL52gTfHta.jpeg?1606231793-3f7a5dfffd790aa67ac87d02e559621d6383f1be","https://images.vinted.net/thumbs/f800/02_01fb1_6xursqauA8cQwCc6UGWnbZYt.jpeg?1606231793-db5eec686663e2be7d33051d51ff43166b993635","https://images.vinted.net/thumbs/f800/02_014d0_kFyEBZcfQTFYBKzHkcrE8cet.jpeg?1606231793-5abf802e86e82bd16d005d8b9cd8b81f35f46406","https://images.vinted.net/thumbs/f800/02_026a3_YoJXfcRwoxmUcr1rCfizZk36.jpeg?1606231794-7902fcbbc547d33b01e5c9a8a81513729c4f4a25","https://images.vinted.net/thumbs/f800/02_01154_dXrZ2EBaZ2X12D5XPjFzH2cC.jpeg?1606231794-fda3c29dc9482269a724f2befc5e477d104ef17d"],"product_details":[{"MARQUE":"PARISIAN COLLECTION"},{"TAILLE":"M / 38 / 10"},{"ÉTAT":"NEUF SANS ÉTIQUETTE"},{"COULEUR":"NOIR, GRIS"},{"EMPLACEMENT":"AVILÉS, ESPAÑA"}]},{"owner_name":null,"owner_avatar":null,"owner_link":null,"product_image":"https://images.vinted.net/thumbs/310x430/01_01120_HqQDWYKonwr7qj32QKACm8CE.jpeg?1599220437-441e98ec82a75d586e6f19c1b56f25b6d6092c17","product_link":"https://www.vinted.fr/enfants/bebe-filles-ensembles/598378322-lot-2-collants-bebe","product_price":1,"product_name":"Lot 2 collants bébé","product_description":"Sans marque\nTaille 56-62","product_pictures":["https://images.vinted.net/thumbs/f800/01_01120_HqQDWYKonwr7qj32QKACm8CE.jpeg?1599220437-0f1a76491dd219f85b7f2a3067f4bbea4d886a89","https://images.vinted.net/thumbs/f800/01_0075a_QhpfTzfFXkWnpmYemrW5sGSk.jpeg?1599220437-3cd67539b48d4ce21391ccb17ab91665bccc0be5","https://images.vinted.net/thumbs/f800/01_005df_YFf3Rsq79VhuCyHVErhRTZUQ.jpeg?1599220437-fe4a12876d68fcad4c642e3c170dfe8e9d533c13"],"product_details":[{"MARQUE":"SANS MARQUE"},{"TAILLE":"1-3 MOIS / 56-62 CM"},{"ÉTAT":"TRÈS BON ÉTAT"},{"COULEUR":"GRIS, BLEU"},{"EMPLACEMENT":"HULLUCH, FRANCE"}]},{"owner_name":"juliettemanet","owner_avatar":"https://images.vinted.net/thumbs/50x50/02_021fb_Tq743sWScpJUuY2KPiJxCS61.jpeg?1605224121-5c5517f3341bb6a0b0085c3439b6a059f98105cb","owner_link":"https://www.vinted.fr/member/16501824-juliettemanet","product_image":"https://images.vinted.net/thumbs/310x430/02_005a9_7ByEiGoVChfks97LhL2pB9ra.jpeg?1606231749-4d80aa2ec7c60ba93da599946218352741509fe6","product_link":"https://www.vinted.fr/femmes/pulls-col-v/761533361-pull-zara","product_price":8,"product_name":"Pull Zara","product_description":"pull ample gris, taille S\nélastiques pour resserrer le bas du pull ainsi que les manches\n","product_pictures":["https://images.vinted.net/thumbs/f800/02_005a9_7ByEiGoVChfks97LhL2pB9ra.jpeg?1606231749-ea79c4363c7e9712acbc7a70781ca56e587a120d","https://images.vinted.net/thumbs/f800/02_010dd_XhRjVpUirDjaNEi18jvBCGPd.jpeg?1606231749-c3f5366d4de61c9d5edd95d1b97fb419454e058d","https://images.vinted.net/thumbs/f800/02_00779_wkFgMxApXqz2YGfY8nJRgTAt.jpeg?1606231749-db76da46751b582b75097193bbda2239521e6549"],"product_details":[{"MARQUE":"ZARA"},{"TAILLE":"S / 36 / 8"},{"ÉTAT":"TRÈS BON ÉTAT"},{"COULEUR":"GRIS"},{"EMPLACEMENT":"CLICHY, FRANCE"},{"MODES DE PAIEMENT":"CARTE BANCAIRE, PAYPAL"}]},{"owner_name":"sawadikah","owner_avatar":"https://images.vinted.net/thumbs/50x50/02_00232_9zhaFzFRqxQjBb1VQHa1KzGF.jpeg?1605259462-83330ef51204848088ca6b505990a267c55ff54f","owner_link":"https://www.vinted.fr/member/34439950-sawadikah","product_image":"https://images.vinted.net/thumbs/310x430/02_00b1b_diRwqvRvnGJVmx4k9Ewtyxvy.jpeg?1606231745-dccb3981ac0c2195af78cf16ddfe15f6336bc6db","product_link":"https://www.vinted.fr/femmes/une-piece/761533094-jolie-maillot-jaune","product_price":16,"product_name":"Jolie maillot jaune","product_description":"Jolie maillot de bain jaune une pièce tropical\nC’est une taille L élastique\nil est neuf avec étiquette","product_pictures":["https://images.vinted.net/thumbs/f800/02_00b1b_diRwqvRvnGJVmx4k9Ewtyxvy.jpeg?1606231745-593a83c4d34bb49081339794fe3bd1daceb1c29f","https://images.vinted.net/thumbs/f800/02_005f4_QNW15z6ztDsB9XPAtBQ8YsQQ.jpeg?1606231745-24431ecf6ed580d7eed1386533472c4233a58e33"],"product_details":[{"TAILLE":"L / 40 / 12"},{"ÉTAT":"NEUF AVEC ÉTIQUETTE"},{"COULEUR":"JAUNE"},{"EMPLACEMENT":"FRANCE"}]},{"owner_name":"mlle_mimi","owner_avatar":"https://images.vinted.net/thumbs/50x50/02_02170_7532K4VzDvCqrk89fBmea15D.jpeg?1606123936-58301c3e59fc897b08c5e4012b6f43c641064434","owner_link":"https://www.vinted.fr/member/45911338-mllemimi","product_image":"https://images.vinted.net/thumbs/310x430/02_0210f_hh4f6WzDQhDVMGQUF9h4mywu.jpeg?1606231734-1a087374a27c259a96d88770bc753ab6f05e005b","product_link":"https://www.vinted.fr/femmes/pulls-dhiver/761532491-jersey-lana","product_price":40,"product_name":"Jersey lana","product_description":"Jersey de lana Sezane","product_pictures":["https://images.vinted.net/thumbs/f800/02_0210f_hh4f6WzDQhDVMGQUF9h4mywu.jpeg?1606231734-f9a4df9dc1c39e93ed7f636fb457835618b14f4e"],"product_details":[{"MARQUE":"SEZANE"},{"TAILLE":"M / 38 / 10"},{"ÉTAT":"TRÈS BON ÉTAT"},{"COULEUR":"MARRON, CRÈME"},{"EMPLACEMENT":"EIBAR, ESPAÑA"},{"MODES DE PAIEMENT":"CARTE BANCAIRE, PAYPAL"}]},{"owner_name":"ana3481","owner_avatar":"https://images.vinted.net/thumbs/50x50/01_00bc7_cTfZEieGqu16KdazH2Hm1cyP.jpeg?1598639267-4cf4dd5b38fa26a8c03f12be57a968bbaea1741a","owner_link":"https://www.vinted.fr/member/40022081-ana3481","product_image":"https://images.vinted.net/thumbs/310x430/02_00e09_yxeawU8EfYqdeJY2teP1uy4B.jpeg?1606231721-324c15a7e0ec56b238973e0d757771156a2fbee0","product_link":"https://www.vinted.fr/femmes/bonnets/761532040-bonnet-lacoste","product_price":30,"product_name":"Bonnet Lacoste","product_description":"bonnet Lacoste, neuf\n","product_pictures":["https://images.vinted.net/thumbs/f800/02_00e09_yxeawU8EfYqdeJY2teP1uy4B.jpeg?1606231721-7e3b1f44d1ebb743ad7b54dbaf0272fa85c3680d"],"product_details":[{"MARQUE":"LACOSTE"},{"ÉTAT":"NEUF AVEC ÉTIQUETTE"},{"COULEUR":"NOIR"},{"EMPLACEMENT":"BÉZIERS, FRANCE"},{"MODES DE PAIEMENT":"CARTE BANCAIRE, PAYPAL"}]},{"owner_name":"tristenbrink","owner_avatar":"https://images.vinted.net/thumbs/50x50/02_005d6_mhxuSrjTW3L8xvfKwcwE4BVW.jpeg?1606230443-ee58f21f1c2b37ffaa5f6f107316ddd120adf87c","owner_link":"https://www.vinted.fr/member/29192104-tristenbrink","product_image":"https://images.vinted.net/thumbs/310x430/02_006e1_mTsYSyWkE5KTDpst5y2Lzop3.jpeg?1606231643-91ec2a7a28945a87cfe0d60bca36ddf0132dfc03","product_link":"https://www.vinted.fr/femmes/midi/761477632-reinders","product_price":30,"product_name":"Reinders","product_description":"Jurk van reinders, flexibele stof","product_pictures":["https://images.vinted.net/thumbs/f800/02_006e1_mTsYSyWkE5KTDpst5y2Lzop3.jpeg?1606231643-0b872889037e7ac103717866ae6dba109e906613","https://images.vinted.net/thumbs/f800/02_01fc9_su7C34av3QUVkxTUsVxW5aRr.jpeg?1606231643-b0e3ca388b6facf98d2909694b6892303310193d","https://images.vinted.net/thumbs/f800/02_01409_E1Af4tksUWRvu8uiRmjuyG6e.jpeg?1606231643-9f3b49962a4487288266c10a9dfd00d9858f5168"],"product_details":[{"MARQUE":"REINDERS"},{"TAILLE":"S / 36 / 8"},{"ÉTAT":"TRÈS BON ÉTAT"},{"COULEUR":"VERT"},{"EMPLACEMENT":"EMMEN, NEDERLAND"}]},{"owner_name":"ana_marbella_13","owner_avatar":"https://images.vinted.net/thumbs/50x50/01_000b5_8vaD2FFPM2ZvC1Nu5fNNMcqc.jpeg?1597902920-ac25f40f3321e15c7c7006face22a14830c36445","owner_link":"https://www.vinted.fr/member/39679888-anamarbella13","product_image":"https://images.vinted.net/thumbs/310x430/02_019aa_7R3Sbsff5jqmWfM74y7uRagd.jpeg?1606231612-19ba9dc844745923bfb0e66b6497d54f983b3b8a","product_link":"https://www.vinted.fr/femmes/tops-courts/761527496-camisa-de-mujer","product_price":5,"product_name":"👕 camisa de mujer 👕","product_description":"Sólo usada una vez ,en una de las etiquetas pone xs y en la otra S es una S, es muy bonita, (SÓLO HAGO ENVIOS POR RELAY MONDIAL)","product_pictures":["https://images.vinted.net/thumbs/f800/02_019aa_7R3Sbsff5jqmWfM74y7uRagd.jpeg?1606231612-37a7499bbb3e4ba1197ce94ea303365f75aac140","https://images.vinted.net/thumbs/f800/01_00a5a_7yEjcMfrxJWtjV5Ytb52K5kj.jpeg?1606231612-1a1dec8fcb2168acb7a79a87ddbc2c16c269a28a","https://images.vinted.net/thumbs/f800/02_00b31_RBFaiRHsrXk9Lv8SsSYK3g5T.jpeg?1606231612-7f54abf2abcaac7ca76bdadb252b6876bf81983b","https://images.vinted.net/thumbs/f800/02_0116c_z7nsWzEn9xAnHdbXMa6b4EmM.jpeg?1606231612-fc48733d157e87d869d888196533aa7cea18a3f3","https://images.vinted.net/thumbs/f800/02_00fdb_QZvE5R6gHCSdCksgBg6n6Qt9.jpeg?1606231612-19a987ea2d745330f7b75a336aa079a161782dad"],"product_details":[{"MARQUE":"PRIMARK"},{"TAILLE":"S / 36 / 8"},{"ÉTAT":"TRÈS BON ÉTAT"},{"COULEUR":"BEIGE , BLANC"},{"EMPLACEMENT":"MARBELLA, ESPAÑA"}]},{"owner_name":"pordana","owner_avatar":"https://images.vinted.net/thumbs/50x50/02_02125_eMwJXB8jdKgiJTq7rPuoMcdq.jpeg?1605235723-bd73887f9240c489f842cebefd412053d412cd6d","owner_link":"https://www.vinted.fr/member/20750000-pordana","product_image":"https://images.vinted.net/thumbs/310x430/02_0155d_ZBC5JWP6L3v8332PAPNCd6HF.jpeg?1606231598-c552485b07cde177c473fb89b631d1d94b407fa8","product_link":"https://www.vinted.fr/femmes/accessoires-gants/761526996-guantes-tm-piel-negros","product_price":6,"product_name":"Guantes T.M piel negros","product_description":"Guantes piel suave negros con pelo, forro polar interno, según etiqueta, forro y pelo 100% sintético, los guantes piel. vendo porque me son cortos.T.M Descuento en lotes\n#accesoriospordana #guantesnegros #guantespiel #gantsnoircuir #gantscuir","product_pictures":["https://images.vinted.net/thumbs/f800/02_0155d_ZBC5JWP6L3v8332PAPNCd6HF.jpeg?1606231598-4c7b402d558cbec32b84fb31a2172599a1d7a1a3","https://images.vinted.net/thumbs/f800/02_00cf6_UKVjunraZrkBLSv5Ao8MKMtK.jpeg?1606231598-ac8a2c6c54aaa3f29453c687973efc0fad1ebc82","https://images.vinted.net/thumbs/f800/02_01d3f_LNFADUywVmJPy5Ju1Gfp2jkY.jpeg?1606231598-33a1e330bd8ebb0216b921d14f17d0084cc1a725","https://images.vinted.net/thumbs/f800/02_01d12_uRnPXManoj9wWbQdqec2K5AR.jpeg?1606231598-e5f184ed1ce035d0c6d921d2673db966da9fad9d","https://images.vinted.net/thumbs/f800/02_007e8_zQn46womyKyYmvR3yepvHoTB.jpeg?1606231598-9fe959f32cc9237e5e00ad92fad97f2144ab2eec"],"product_details":[{"MARQUE":"TIENDA LOCAL"},{"ÉTAT":"TRÈS BON ÉTAT"},{"COULEUR":"NOIR"},{"EMPLACEMENT":"DONOSTIA, ESPAÑA"}]},{"owner_name":"sagitario04","owner_avatar":"https://images.vinted.net/thumbs/50x50/01_018c8_aJxfQvwn2LgNQT3m94pDXrde.jpeg?1602257750-6ac9574d34674fee6edb18f33e1ca5b66ebe3f6c","owner_link":"https://www.vinted.fr/member/41838710-sagitario04","product_image":"https://images.vinted.net/thumbs/310x430/02_00aff_vVUqmykEmToapUCsTL1sD8cV.jpeg?1606231580-1acdb8a9680b8385b27c3067ed559ed6301e1a73","product_link":"https://www.vinted.fr/femmes/blouses/761526405-blusa","product_price":15,"product_name":"Blusa","product_description":"Blusa o camisa muy bonita\nTalla S\nSin usar\nCon etiketa","product_pictures":["https://images.vinted.net/thumbs/f800/02_00aff_vVUqmykEmToapUCsTL1sD8cV.jpeg?1606231580-b8306ff95635e3dccc7f642a3ac42021e94132e1","https://images.vinted.net/thumbs/f800/02_01d01_dZcBDbPnkNjHk961EWjJK4AT.jpeg?1606231580-ce7b48cf6e51e4698284a26fca1a99a661a25cf0"],"product_details":[{"MARQUE":"TIENDA LOCAL"},{"TAILLE":"S / 36 / 8"},{"ÉTAT":"NEUF AVEC ÉTIQUETTE"},{"COULEUR":"BEIGE , CRÈME"},{"EMPLACEMENT":"ESPAÑA"}]}]